[
    {
        "database_name": "DB1",
        "owner_email": "user+test1@desarrollo-api.lat",
        "classification": "high"
    },
    {
        "database_name": "DB2",
        "owner_email": "user+test2@desarrollo-api.lat",
        "classification": "medium"
    },
    {
        "database_name": "DB3",
        "owner_email": "user+test3@desarrollo-api.lat",
        "classification": "low"
    },
    {
        "database_name": "DB4",
        "owner_email": "user+test4@desarrollo-api.lat",
        "classification": "high"
    },
    {
        "database_name": "DB5",
        "owner_email": "user+test5@desarrollo-api.lat"
    },
    {
        "database_name": "DB6"
    },
    {
        "database_name": "DB7",
        "owner_email": "user+test7@desarrollo-api.lat",
        "classification": "medium"
    },
    {   
        "database_name": "DB8",
        "owner_email": "user+test8@desarrollo-api.lat"
    },
    {
        "database_name": "DB9",
        "classification": "low"
    },
    {
        "database_name": "DB10",
        "owner_email": "user+test10@desarrollo-api.lat",
        "classification": "high"
    }
]
