row_id,user_id,user_state,user_manager
1,user+test1@desarrollo-api.lat,active,manager+test1@desarrollo-api.lat
2,user+test2@desarrollo-api.lat,active,manager+test2@desarrollo-api.lat
3,user+test3@desarrollo-api.lat,active,manager+test3@desarrollo-api.lat
4,user+test4@desarrollo-api.lat,active,manager+test4@desarrollo-api.lat
5,user+test5@desarrollo-api.lat,active,manager+test5@desarrollo-api.lat
6,user+test6@desarrollo-api.lat,active,manager+test6@desarrollo-api.lat
7,user+test7@desarrollo-api.lat,active,manager+test7@desarrollo-api.lat
8,user+test8@desarrollo-api.lat,active,manager+test8@desarrollo-api.lat
9,user+test9@desarrollo-api.lat,active,manager+test9@desarrollo-api.lat
10,user+test10@desarrollo-api.lat,active,manager+test10@desarrollo-api.lat